Task,Model,Accuracy,Precision,Recall,F1 Score
Congestion Category,Logistic Regression,0.995902595023152,0.9959048136430749,0.995902595023152,0.9959023467312841
Congestion Category,Random Forest,0.9891068989639895,0.9891096485304228,0.9891068989639895,0.9891060447889858
Congestion Category,XGBoost,0.9945701055997868,0.9945733859423164,0.9945701055997868,0.9945696992644262
