{
    "Logistic Regression": {
        "Accuracy": 0.995902595023152,
        "Precision": 0.9959048136430749,
        "Recall": 0.995902595023152,
        "F1 Score": 0.9959023467312841,
        "Confusion Matrix": [
            [
                14170,
                79
            ],
            [
                44,
                15726
            ]
        ]
    },
    "Random Forest": {
        "Accuracy": 0.9891068989639895,
        "Precision": 0.9891096485304228,
        "Recall": 0.9891068989639895,
        "F1 Score": 0.9891060447889858,
        "Confusion Matrix": [
            [
                14063,
                186
            ],
            [
                141,
                15629
            ]
        ]
    },
    "XGBoost": {
        "Accuracy": 0.9945701055997868,
        "Precision": 0.9945733859423164,
        "Recall": 0.9945701055997868,
        "F1 Score": 0.9945696992644262,
        "Confusion Matrix": [
            [
                14146,
                103
            ],
            [
                60,
                15710
            ]
        ]
    }
}