{
    "LSTM Sequence (6h)": {
        "MAE": 8.889940007152925,
        "RMSE": 17.366646619674174,
        "R2": 0.13515299612577358,
        "MAPE": 213.5365885120704
    },
    "XGBoost (Aggressive Tuned)": {
        "MAE": 9.0572,
        "RMSE": 16.857,
        "R2": 0.2205,
        "MAPE": 209.05
    }
}