{
    "Random Forest": {
        "MAE": 9.198140151311538,
        "RMSE": 17.03306684288841,
        "R2": 0.20408090009108648,
        "MAPE": 214.83567198314296
    },
    "XGBoost": {
        "MAE": 9.331060363750435,
        "RMSE": 16.957900003960898,
        "R2": 0.2110901739721026,
        "MAPE": 224.92065545564813
    },
    "LightGBM": {
        "MAE": 9.243576753970961,
        "RMSE": 16.99097484042581,
        "R2": 0.2080097796373167,
        "MAPE": 219.35955307834197
    }
}