{
    "Random Forest (Log)": {
        "MAE": 8.370506473061605,
        "RMSE": 17.970978758974304,
        "R2": 0.11401435167079299,
        "MAPE": 108.06582572498584
    },
    "XGBoost (Log)": {
        "MAE": 8.102937267970633,
        "RMSE": 17.690969780025405,
        "R2": 0.1414086544898292,
        "MAPE": 101.72658710774789
    },
    "LightGBM (Log)": {
        "MAE": 8.1299025020816,
        "RMSE": 17.669149510983992,
        "R2": 0.1435253434653272,
        "MAPE": 102.85615554122465
    },
    "Stacking Ensemble (Log)": {
        "MAE": 8.129456799061858,
        "RMSE": 17.75263279930195,
        "R2": 0.1354128720022858,
        "MAPE": 101.13761273283568
    }
}