{
    "congestion_index": {
        "Random Forest": {
            "MAE": 0.0048318586460375495,
            "RMSE": 0.007060525265114462,
            "R2": 0.9973730543103748,
            "MAPE": 0.7460671025765259
        },
        "XGBoost": {
            "MAE": 0.01752678652158151,
            "RMSE": 0.021038026066136906,
            "R2": 0.9766768583992611,
            "MAPE": 2.6193475290723836
        },
        "LightGBM": {
            "MAE": 0.004547722742065389,
            "RMSE": 0.006363676026483391,
            "R2": 0.9978660059968869,
            "MAPE": 0.6990571458516998
        },
        "LSTM": {
            "MAE": 0.03816666180084382,
            "RMSE": 0.04727911411114979,
            "R2": 0.8822184918156292,
            "MAPE": 5.815593595074248
        },
        "GRU": {
            "MAE": 0.03634948961110024,
            "RMSE": 0.04547347092320134,
            "R2": 0.8910431198076292,
            "MAPE": 5.630690873021537
        },
        "TCN": {
            "MAE": 0.06938539611442775,
            "RMSE": 0.09151890311658085,
            "R2": 0.5586734420650936,
            "MAPE": 10.378593864068504
        }
    },
    "block_duration_hours": {
        "Random Forest": {
            "MAE": 13.76836187139274,
            "RMSE": 23.837722696475762,
            "R2": 0.39133480403587584,
            "MAPE": 93.99483022648639
        },
        "XGBoost": {
            "MAE": 14.04848530404477,
            "RMSE": 23.422247513878382,
            "R2": 0.41236713820371573,
            "MAPE": 93.95367502909585
        },
        "LightGBM": {
            "MAE": 13.599044514714311,
            "RMSE": 23.545030929430162,
            "R2": 0.4061900465104107,
            "MAPE": 89.34159712108955
        },
        "LSTM": {
            "MAE": 15.231512006181319,
            "RMSE": 23.005880252703257,
            "R2": 0.4331485187139891,
            "MAPE": 103.49240240763827
        },
        "GRU": {
            "MAE": 15.109954542844262,
            "RMSE": 22.896549452133993,
            "R2": 0.43852341116217153,
            "MAPE": 100.1117648439234
        },
        "TCN": {
            "MAE": 17.40296591002378,
            "RMSE": 26.5872715316636,
            "R2": 0.24292462916466018,
            "MAPE": 121.40577116502176
        }
    },
    "actual_travel_time_min": {
        "Random Forest": {
            "MAE": 0.3495047205373101,
            "RMSE": 0.5516247215096323,
            "R2": 0.9998015259917851,
            "MAPE": 0.7831273855002844
        },
        "XGBoost": {
            "MAE": 4.261033345884439,
            "RMSE": 7.286897869976792,
            "R2": 0.9653660868624117,
            "MAPE": 7.99590212136531
        },
        "LightGBM": {
            "MAE": 0.5103592307802762,
            "RMSE": 0.8525261559666748,
            "R2": 0.9995259418443344,
            "MAPE": 1.0607835538578323
        },
        "LSTM": {
            "MAE": 17.055001896256552,
            "RMSE": 24.861548384195476,
            "R2": 0.5968840387584986,
            "MAPE": 32.21604590942595
        },
        "GRU": {
            "MAE": 17.896160300191404,
            "RMSE": 25.830440010648143,
            "R2": 0.5648517347679899,
            "MAPE": 35.600681101770185
        },
        "TCN": {
            "MAE": 16.300406974641447,
            "RMSE": 23.251482311471378,
            "R2": 0.6474059836873882,
            "MAPE": 31.529213957752212
        }
    }
}